[
    {
        "id": 1,
        "first_name": "Rorke",
        "last_name": "Sterrie",
        "email": "rsterrie0@bloglovin.com",
        "gender": "Male",
        "designation": "Biostatistician III",
        "phone_no": "686-632-2596",
        "city": "Lisewo",
        "department": "Research and Development",
        "date_of_birth": "11/08/1994",
        "language": "Dari"
    },
    {
        "id": 2,
        "first_name": "Donni",
        "last_name": "Aron",
        "email": "daron1@patch.com",
        "gender": "Genderfluid",
        "designation": "Research Assistant III",
        "phone_no": "936-999-6596",
        "city": "Sobo",
        "department": "Legal",
        "date_of_birth": "27/09/1983",
        "language": "Lao"
    },
    {
        "id": 3,
        "first_name": "Herbert",
        "last_name": "Carver",
        "email": "hcarver2@theatlantic.com",
        "gender": "Male",
        "designation": "Graphic Designer",
        "phone_no": "260-372-2400",
        "city": "Oyama",
        "department": "Engineering",
        "date_of_birth": "13/01/1991",
        "language": "Bislama"
    },
    {
        "id": 4,
        "first_name": "Barny",
        "last_name": "Sword",
        "email": "bsword3@unc.edu",
        "gender": "Male",
        "designation": "Associate Professor",
        "phone_no": "412-619-7744",
        "city": "Póvoa de Santo António",
        "department": "Engineering",
        "date_of_birth": "18/12/1992",
        "language": "Romanian"
    },
    {
        "id": 5,
        "first_name": "Slade",
        "last_name": "Roskelley",
        "email": "sroskelley4@jalbum.net",
        "gender": "Male",
        "designation": "Editor",
        "phone_no": "719-795-7244",
        "city": "Bhopālwāla",
        "department": "Research and Development",
        "date_of_birth": "26/05/1982",
        "language": "Indonesian"
    },
    {
        "id": 6,
        "first_name": "Lynde",
        "last_name": "Calton",
        "email": "lcalton5@wikia.com",
        "gender": "Female",
        "designation": "Occupational Therapist",
        "phone_no": "785-185-1315",
        "city": "Muzayri‘",
        "department": "Services",
        "date_of_birth": "17/07/1988",
        "language": "Tswana"
    },
    {
        "id": 7,
        "first_name": "Dillie",
        "last_name": "Joisce",
        "email": "djoisce6@unblog.fr",
        "gender": "Male",
        "designation": "Computer Systems Analyst IV",
        "phone_no": "228-316-4255",
        "city": "Chợ Mới",
        "department": "Product Management",
        "date_of_birth": "26/10/1997",
        "language": "West Frisian"
    },
    {
        "id": 8,
        "first_name": "Casi",
        "last_name": "Swyre",
        "email": "cswyre7@hubpages.com",
        "gender": "Female",
        "designation": "Editor",
        "phone_no": "818-957-0895",
        "city": "Cileunyi",
        "department": "Legal",
        "date_of_birth": "29/04/1982",
        "language": "Belarusian"
    },
    {
        "id": 9,
        "first_name": "Yancey",
        "last_name": "Tredgold",
        "email": "ytredgold8@issuu.com",
        "gender": "Male",
        "designation": "Analog Circuit Design manager",
        "phone_no": "465-123-7936",
        "city": "Gines-Patay",
        "department": "Sales",
        "date_of_birth": "03/12/1984",
        "language": "Norwegian"
    },
    {
        "id": 10,
        "first_name": "Abey",
        "last_name": "Palfreman",
        "email": "apalfreman9@mit.edu",
        "gender": "Agender",
        "designation": "Senior Quality Engineer",
        "phone_no": "629-710-4955",
        "city": "Shazi",
        "department": "Human Resources",
        "date_of_birth": "22/09/1996",
        "language": "Mongolian"
    },
    {
        "id": 11,
        "first_name": "Marv",
        "last_name": "McAline",
        "email": "mmcalinea@shinystat.com",
        "gender": "Male",
        "designation": "Compensation Analyst",
        "phone_no": "934-496-3470",
        "city": "Gouqi",
        "department": "Research and Development",
        "date_of_birth": "29/12/1993",
        "language": "Māori"
    },
    {
        "id": 12,
        "first_name": "Melony",
        "last_name": "Kopp",
        "email": "mkoppb@wix.com",
        "gender": "Female",
        "designation": "Community Outreach Specialist",
        "phone_no": "604-757-5130",
        "city": "Longquan",
        "department": "Product Management",
        "date_of_birth": "09/10/1984",
        "language": "Arabic"
    },
    {
        "id": 13,
        "first_name": "Aldon",
        "last_name": "Almond",
        "email": "aalmondc@constantcontact.com",
        "gender": "Male",
        "designation": "Systems Administrator I",
        "phone_no": "389-679-3503",
        "city": "Cristalina",
        "department": "Services",
        "date_of_birth": "13/07/1995",
        "language": "Estonian"
    },
    {
        "id": 14,
        "first_name": "Gwennie",
        "last_name": "Ciccone",
        "email": "gcicconed@ycombinator.com",
        "gender": "Female",
        "designation": "Environmental Tech",
        "phone_no": "737-255-3050",
        "city": "Lizi",
        "department": "Support",
        "date_of_birth": "28/11/1988",
        "language": "English"
    },
    {
        "id": 15,
        "first_name": "Ron",
        "last_name": "Whitwam",
        "email": "rwhitwame@eepurl.com",
        "gender": "Male",
        "designation": "Clinical Specialist",
        "phone_no": "817-726-2358",
        "city": "Karangpao",
        "department": "Accounting",
        "date_of_birth": "30/01/1992",
        "language": "French"
    },
    {
        "id": 16,
        "first_name": "Rochester",
        "last_name": "Gisborne",
        "email": "rgisbornef@sphinn.com",
        "gender": "Male",
        "designation": "Senior Developer",
        "phone_no": "896-535-8835",
        "city": "Real",
        "department": "Services",
        "date_of_birth": "11/04/1995",
        "language": "Kyrgyz"
    },
    {
        "id": 17,
        "first_name": "Karla",
        "last_name": "Arnaudin",
        "email": "karnauding@over-blog.com",
        "gender": "Female",
        "designation": "Help Desk Technician",
        "phone_no": "281-224-4373",
        "city": "Yongping",
        "department": "Research and Development",
        "date_of_birth": "16/06/1987",
        "language": "Belarusian"
    },
    {
        "id": 18,
        "first_name": "Josee",
        "last_name": "Heaford",
        "email": "jheafordh@altervista.org",
        "gender": "Female",
        "designation": "Chief Design Engineer",
        "phone_no": "873-779-1054",
        "city": "Xunqiao",
        "department": "Training",
        "date_of_birth": "15/11/1989",
        "language": "Punjabi"
    },
    {
        "id": 19,
        "first_name": "Claudie",
        "last_name": "Vannoort",
        "email": "cvannoorti@reference.com",
        "gender": "Female",
        "designation": "Geologist II",
        "phone_no": "353-781-3622",
        "city": "Lumsden",
        "department": "Business Development",
        "date_of_birth": "20/12/1985",
        "language": "German"
    },
    {
        "id": 20,
        "first_name": "Genovera",
        "last_name": "Empleton",
        "email": "gempletonj@skype.com",
        "gender": "Female",
        "designation": "Budget/Accounting Analyst II",
        "phone_no": "558-579-9411",
        "city": "Jose Maria Morelos",
        "department": "Training",
        "date_of_birth": "27/01/1981",
        "language": "Yiddish"
    },
    {
        "id": 21,
        "first_name": "Kerianne",
        "last_name": "McGrae",
        "email": "kmcgraek@posterous.com",
        "gender": "Female",
        "designation": "Office Assistant II",
        "phone_no": "848-729-4962",
        "city": "Nanger",
        "department": "Sales",
        "date_of_birth": "27/11/1995",
        "language": "Fijian"
    },
    {
        "id": 22,
        "first_name": "Nelli",
        "last_name": "Polley",
        "email": "npolleyl@instagram.com",
        "gender": "Female",
        "designation": "VP Quality Control",
        "phone_no": "545-494-5995",
        "city": "Ko Chan",
        "department": "Accounting",
        "date_of_birth": "17/04/1989",
        "language": "Bosnian"
    },
    {
        "id": 23,
        "first_name": "Windy",
        "last_name": "Peepall",
        "email": "wpeepallm@tamu.edu",
        "gender": "Female",
        "designation": "Director of Sales",
        "phone_no": "970-194-2439",
        "city": "Malibago",
        "department": "Human Resources",
        "date_of_birth": "20/05/1994",
        "language": "Lao"
    },
    {
        "id": 24,
        "first_name": "Merrel",
        "last_name": "Cusick",
        "email": "mcusickn@tuttocitta.it",
        "gender": "Bigender",
        "designation": "Senior Sales Associate",
        "phone_no": "983-654-6751",
        "city": "Lemery",
        "department": "Engineering",
        "date_of_birth": "26/01/1985",
        "language": "Chinese"
    },
    {
        "id": 25,
        "first_name": "Lane",
        "last_name": "Westhofer",
        "email": "lwesthofero@intel.com",
        "gender": "Male",
        "designation": "Help Desk Operator",
        "phone_no": "612-536-0681",
        "city": "Yuncao",
        "department": "Training",
        "date_of_birth": "03/03/1985",
        "language": "Dhivehi"
    },
    {
        "id": 26,
        "first_name": "Angelico",
        "last_name": "Fitchett",
        "email": "afitchettp@nifty.com",
        "gender": "Male",
        "designation": "Marketing Manager",
        "phone_no": "118-546-6898",
        "city": "Odiong",
        "department": "Accounting",
        "date_of_birth": "09/11/1984",
        "language": "Haitian Creole"
    },
    {
        "id": 27,
        "first_name": "Cointon",
        "last_name": "Candish",
        "email": "ccandishq@fastcompany.com",
        "gender": "Male",
        "designation": "VP Sales",
        "phone_no": "674-535-8353",
        "city": "Xiaohe",
        "department": "Sales",
        "date_of_birth": "11/12/1998",
        "language": "Lithuanian"
    },
    {
        "id": 28,
        "first_name": "Vern",
        "last_name": "Allner",
        "email": "vallnerr@hexun.com",
        "gender": "Male",
        "designation": "Senior Sales Associate",
        "phone_no": "424-302-4496",
        "city": "Rio Piracicaba",
        "department": "Engineering",
        "date_of_birth": "27/03/1991",
        "language": "Sotho"
    },
    {
        "id": 29,
        "first_name": "Allistir",
        "last_name": "Velde",
        "email": "aveldes@google.co.uk",
        "gender": "Male",
        "designation": "VP Product Management",
        "phone_no": "369-695-2577",
        "city": "Leidian",
        "department": "Accounting",
        "date_of_birth": "06/11/1994",
        "language": "Persian"
    },
    {
        "id": 30,
        "first_name": "Gilligan",
        "last_name": "Shinner",
        "email": "gshinnert@barnesandnoble.com",
        "gender": "Female",
        "designation": "Statistician III",
        "phone_no": "973-824-0441",
        "city": "Heshi",
        "department": "Engineering",
        "date_of_birth": "19/03/1983",
        "language": "Hebrew"
    },
    {
        "id": 31,
        "first_name": "Camellia",
        "last_name": "Denver",
        "email": "cdenveru@hud.gov",
        "gender": "Female",
        "designation": "Human Resources Manager",
        "phone_no": "321-381-1139",
        "city": "Serh",
        "department": "Services",
        "date_of_birth": "29/12/1995",
        "language": "Kannada"
    },
    {
        "id": 32,
        "first_name": "Annadiane",
        "last_name": "Ardley",
        "email": "aardleyv@blogtalkradio.com",
        "gender": "Female",
        "designation": "Cost Accountant",
        "phone_no": "532-908-4298",
        "city": "Kohila",
        "department": "Services",
        "date_of_birth": "21/09/1991",
        "language": "Bislama"
    },
    {
        "id": 33,
        "first_name": "Glynn",
        "last_name": "Kirsch",
        "email": "gkirschw@bravesites.com",
        "gender": "Male",
        "designation": "Account Executive",
        "phone_no": "607-980-3817",
        "city": "Ruilin",
        "department": "Services",
        "date_of_birth": "26/11/1986",
        "language": "Polish"
    },
    {
        "id": 34,
        "first_name": "Ibrahim",
        "last_name": "Scotchforth",
        "email": "iscotchforthx@wix.com",
        "gender": "Male",
        "designation": "Payment Adjustment Coordinator",
        "phone_no": "255-111-3880",
        "city": "Ciroyom",
        "department": "Engineering",
        "date_of_birth": "30/12/1996",
        "language": "Hindi"
    },
    {
        "id": 35,
        "first_name": "Othella",
        "last_name": "Ballinger",
        "email": "oballingery@mozilla.com",
        "gender": "Polygender",
        "designation": "Accounting Assistant IV",
        "phone_no": "750-757-9734",
        "city": "Trondheim",
        "department": "Sales",
        "date_of_birth": "13/05/1982",
        "language": "Portuguese"
    },
    {
        "id": 36,
        "first_name": "Lelia",
        "last_name": "O' Reagan",
        "email": "loreaganz@merriam-webster.com",
        "gender": "Female",
        "designation": "Environmental Specialist",
        "phone_no": "172-556-6638",
        "city": "Huangkeng",
        "department": "Accounting",
        "date_of_birth": "11/07/1991",
        "language": "Malagasy"
    },
    {
        "id": 37,
        "first_name": "Merna",
        "last_name": "Lamberti",
        "email": "mlamberti10@msu.edu",
        "gender": "Female",
        "designation": "Graphic Designer",
        "phone_no": "772-558-2896",
        "city": "Svetogorsk",
        "department": "Sales",
        "date_of_birth": "07/10/1990",
        "language": "Greek"
    },
    {
        "id": 38,
        "first_name": "Parry",
        "last_name": "Huchot",
        "email": "phuchot11@zdnet.com",
        "gender": "Male",
        "designation": "Senior Quality Engineer",
        "phone_no": "203-939-2658",
        "city": "Hōfu",
        "department": "Services",
        "date_of_birth": "18/03/1989",
        "language": "Bengali"
    },
    {
        "id": 39,
        "first_name": "Erminia",
        "last_name": "Cotelard",
        "email": "ecotelard12@thetimes.co.uk",
        "gender": "Female",
        "designation": "Sales Associate",
        "phone_no": "712-782-6000",
        "city": "Anan",
        "department": "Human Resources",
        "date_of_birth": "16/12/1989",
        "language": "Papiamento"
    },
    {
        "id": 40,
        "first_name": "Gaven",
        "last_name": "Leworthy",
        "email": "gleworthy13@businesswire.com",
        "gender": "Male",
        "designation": "Assistant Manager",
        "phone_no": "280-775-5068",
        "city": "Biao",
        "department": "Training",
        "date_of_birth": "18/08/1991",
        "language": "Irish Gaelic"
    },
    {
        "id": 41,
        "first_name": "Lanita",
        "last_name": "Sweed",
        "email": "lsweed14@blogger.com",
        "gender": "Female",
        "designation": "Professor",
        "phone_no": "440-756-1525",
        "city": "Shimen",
        "department": "Engineering",
        "date_of_birth": "20/01/1997",
        "language": "Persian"
    },
    {
        "id": 42,
        "first_name": "Constantia",
        "last_name": "Grenter",
        "email": "cgrenter15@columbia.edu",
        "gender": "Female",
        "designation": "Developer II",
        "phone_no": "776-280-5918",
        "city": "Tarusan",
        "department": "Accounting",
        "date_of_birth": "06/04/1998",
        "language": "Tetum"
    },
    {
        "id": 43,
        "first_name": "Richart",
        "last_name": "Roma",
        "email": "rroma16@reference.com",
        "gender": "Non-binary",
        "designation": "Recruiter",
        "phone_no": "121-449-7690",
        "city": "Ratíškovice",
        "department": "Services",
        "date_of_birth": "23/09/1989",
        "language": "Bengali"
    },
    {
        "id": 44,
        "first_name": "Garvy",
        "last_name": "Ledamun",
        "email": "gledamun17@wp.com",
        "gender": "Male",
        "designation": "Account Coordinator",
        "phone_no": "919-901-1137",
        "city": "Khelyulya",
        "department": "Legal",
        "date_of_birth": "09/05/1996",
        "language": "Portuguese"
    },
    {
        "id": 45,
        "first_name": "Sal",
        "last_name": "Willox",
        "email": "swillox18@amazon.de",
        "gender": "Female",
        "designation": "Web Designer III",
        "phone_no": "801-818-3399",
        "city": "San Cristóbal",
        "department": "Business Development",
        "date_of_birth": "03/01/1999",
        "language": "Somali"
    },
    {
        "id": 46,
        "first_name": "Dione",
        "last_name": "Wagnerin",
        "email": "dwagnerin19@wikipedia.org",
        "gender": "Female",
        "designation": "VP Product Management",
        "phone_no": "209-763-5177",
        "city": "Vaiusu",
        "department": "Support",
        "date_of_birth": "27/11/1983",
        "language": "Swedish"
    },
    {
        "id": 47,
        "first_name": "Pansie",
        "last_name": "Isaksson",
        "email": "pisaksson1a@joomla.org",
        "gender": "Female",
        "designation": "Help Desk Technician",
        "phone_no": "945-466-2793",
        "city": "Babakandesa",
        "department": "Marketing",
        "date_of_birth": "15/10/1994",
        "language": "Portuguese"
    },
    {
        "id": 48,
        "first_name": "Tracey",
        "last_name": "Drewett",
        "email": "tdrewett1b@xinhuanet.com",
        "gender": "Male",
        "designation": "Senior Cost Accountant",
        "phone_no": "111-482-3737",
        "city": "Novokuz’minki",
        "department": "Engineering",
        "date_of_birth": "03/11/1992",
        "language": "Czech"
    },
    {
        "id": 49,
        "first_name": "Candida",
        "last_name": "Kitto",
        "email": "ckitto1c@pagesperso-orange.fr",
        "gender": "Female",
        "designation": "Legal Assistant",
        "phone_no": "202-798-3656",
        "city": "Iriga City",
        "department": "Legal",
        "date_of_birth": "19/02/1990",
        "language": "Georgian"
    },
    {
        "id": 50,
        "first_name": "Hedwig",
        "last_name": "Barnsley",
        "email": "hbarnsley1d@loc.gov",
        "gender": "Female",
        "designation": "Senior Financial Analyst",
        "phone_no": "233-263-4787",
        "city": "Kachia",
        "department": "Sales",
        "date_of_birth": "31/05/1980",
        "language": "Somali"
    },
    {
        "id": 51,
        "first_name": "Roana",
        "last_name": "Rizzello",
        "email": "rrizzello1e@google.pl",
        "gender": "Female",
        "designation": "Health Coach I",
        "phone_no": "288-456-9987",
        "city": "Tân Việt",
        "department": "Human Resources",
        "date_of_birth": "24/09/1991",
        "language": "Arabic"
    },
    {
        "id": 52,
        "first_name": "Zaccaria",
        "last_name": "Roadknight",
        "email": "zroadknight1f@merriam-webster.com",
        "gender": "Male",
        "designation": "Web Designer III",
        "phone_no": "230-255-1984",
        "city": "Matoupu",
        "department": "Product Management",
        "date_of_birth": "01/09/1996",
        "language": "Amharic"
    },
    {
        "id": 53,
        "first_name": "Yolanthe",
        "last_name": "Glidder",
        "email": "yglidder1g@intel.com",
        "gender": "Female",
        "designation": "Civil Engineer",
        "phone_no": "669-470-7721",
        "city": "Rafaï",
        "department": "Marketing",
        "date_of_birth": "05/10/1981",
        "language": "Telugu"
    },
    {
        "id": 54,
        "first_name": "Ive",
        "last_name": "Meneux",
        "email": "imeneux1h@jugem.jp",
        "gender": "Male",
        "designation": "Mechanical Systems Engineer",
        "phone_no": "778-513-7059",
        "city": "Kankara",
        "department": "Product Management",
        "date_of_birth": "25/10/1993",
        "language": "Swedish"
    },
    {
        "id": 55,
        "first_name": "Mack",
        "last_name": "Bolus",
        "email": "mbolus1i@twitpic.com",
        "gender": "Male",
        "designation": "Product Engineer",
        "phone_no": "583-712-8560",
        "city": "Bitobe",
        "department": "Engineering",
        "date_of_birth": "10/04/1996",
        "language": "Catalan"
    },
    {
        "id": 56,
        "first_name": "Felicle",
        "last_name": "Dennick",
        "email": "fdennick1j@wikispaces.com",
        "gender": "Female",
        "designation": "Clinical Specialist",
        "phone_no": "140-780-9726",
        "city": "Suntar",
        "department": "Sales",
        "date_of_birth": "27/06/1985",
        "language": "Hebrew"
    },
    {
        "id": 57,
        "first_name": "Reube",
        "last_name": "Pagen",
        "email": "rpagen1k@bloglovin.com",
        "gender": "Male",
        "designation": "Accountant III",
        "phone_no": "311-957-9449",
        "city": "Unidos",
        "department": "Sales",
        "date_of_birth": "16/01/1996",
        "language": "French"
    },
    {
        "id": 58,
        "first_name": "Collette",
        "last_name": "Swettenham",
        "email": "cswettenham1l@cyberchimps.com",
        "gender": "Female",
        "designation": "Director of Sales",
        "phone_no": "133-564-5940",
        "city": "Nusajaya",
        "department": "Business Development",
        "date_of_birth": "03/02/1996",
        "language": "Burmese"
    },
    {
        "id": 59,
        "first_name": "Farrah",
        "last_name": "Allison",
        "email": "fallison1m@ustream.tv",
        "gender": "Female",
        "designation": "Geologist II",
        "phone_no": "793-447-6240",
        "city": "Zarechnyy",
        "department": "Product Management",
        "date_of_birth": "22/01/1990",
        "language": "Dzongkha"
    },
    {
        "id": 60,
        "first_name": "Klarika",
        "last_name": "Davidsohn",
        "email": "kdavidsohn1n@bloglovin.com",
        "gender": "Female",
        "designation": "Analog Circuit Design manager",
        "phone_no": "111-392-9808",
        "city": "Salam",
        "department": "Sales",
        "date_of_birth": "04/09/1986",
        "language": "Bengali"
    },
    {
        "id": 61,
        "first_name": "Nicolai",
        "last_name": "Workman",
        "email": "nworkman1o@psu.edu",
        "gender": "Male",
        "designation": "Environmental Specialist",
        "phone_no": "195-725-5169",
        "city": "Bulalacao",
        "department": "Human Resources",
        "date_of_birth": "10/10/1996",
        "language": "Afrikaans"
    },
    {
        "id": 62,
        "first_name": "Jacquette",
        "last_name": "Kighly",
        "email": "jkighly1p@bloomberg.com",
        "gender": "Female",
        "designation": "Software Test Engineer IV",
        "phone_no": "731-793-3651",
        "city": "Nabunturan",
        "department": "Human Resources",
        "date_of_birth": "17/07/1990",
        "language": "Marathi"
    },
    {
        "id": 63,
        "first_name": "Brockie",
        "last_name": "Loudiane",
        "email": "bloudiane1q@issuu.com",
        "gender": "Male",
        "designation": "Desktop Support Technician",
        "phone_no": "528-514-6050",
        "city": "Mancha Khiri",
        "department": "Legal",
        "date_of_birth": "03/05/1981",
        "language": "Swedish"
    },
    {
        "id": 64,
        "first_name": "Celina",
        "last_name": "O'Kenny",
        "email": "cokenny1r@youku.com",
        "gender": "Female",
        "designation": "Nuclear Power Engineer",
        "phone_no": "319-375-9937",
        "city": "Río Colorado",
        "department": "Accounting",
        "date_of_birth": "07/01/1983",
        "language": "Papiamento"
    },
    {
        "id": 65,
        "first_name": "Marcille",
        "last_name": "Dawtrey",
        "email": "mdawtrey1s@cbc.ca",
        "gender": "Female",
        "designation": "Physical Therapy Assistant",
        "phone_no": "800-917-9586",
        "city": "Grande Rivière du Nord",
        "department": "Legal",
        "date_of_birth": "02/01/1986",
        "language": "Somali"
    },
    {
        "id": 66,
        "first_name": "Bald",
        "last_name": "Van Vuuren",
        "email": "bvanvuuren1t@nature.com",
        "gender": "Male",
        "designation": "Executive Secretary",
        "phone_no": "892-471-4859",
        "city": "Sliema",
        "department": "Human Resources",
        "date_of_birth": "04/01/1995",
        "language": "Ndebele"
    },
    {
        "id": 67,
        "first_name": "Say",
        "last_name": "Gettens",
        "email": "sgettens1u@linkedin.com",
        "gender": "Male",
        "designation": "Speech Pathologist",
        "phone_no": "249-484-3353",
        "city": "Xianxi",
        "department": "Services",
        "date_of_birth": "03/01/1982",
        "language": "Afrikaans"
    },
    {
        "id": 68,
        "first_name": "Evangelina",
        "last_name": "Ballin",
        "email": "eballin1v@live.com",
        "gender": "Female",
        "designation": "Senior Cost Accountant",
        "phone_no": "529-981-8486",
        "city": "Hanau",
        "department": "Business Development",
        "date_of_birth": "11/01/1991",
        "language": "Georgian"
    },
    {
        "id": 69,
        "first_name": "Corrie",
        "last_name": "Garrison",
        "email": "cgarrison1w@artisteer.com",
        "gender": "Female",
        "designation": "Human Resources Assistant II",
        "phone_no": "791-838-0751",
        "city": "Groningen",
        "department": "Engineering",
        "date_of_birth": "11/10/1986",
        "language": "Maltese"
    },
    {
        "id": 70,
        "first_name": "Simone",
        "last_name": "Plenderleith",
        "email": "splenderleith1x@arstechnica.com",
        "gender": "Female",
        "designation": "Cost Accountant",
        "phone_no": "750-860-3703",
        "city": "Baoxing",
        "department": "Training",
        "date_of_birth": "01/03/1990",
        "language": "Kannada"
    },
    {
        "id": 71,
        "first_name": "Anjanette",
        "last_name": "Perigoe",
        "email": "aperigoe1y@gov.uk",
        "gender": "Female",
        "designation": "Compensation Analyst",
        "phone_no": "606-916-0640",
        "city": "Villaba",
        "department": "Accounting",
        "date_of_birth": "24/05/1988",
        "language": "Croatian"
    },
    {
        "id": 72,
        "first_name": "Dino",
        "last_name": "Ortiga",
        "email": "dortiga1z@businessinsider.com",
        "gender": "Male",
        "designation": "Assistant Media Planner",
        "phone_no": "455-402-0840",
        "city": "Xiexiong",
        "department": "Sales",
        "date_of_birth": "24/08/1995",
        "language": "Northern Sotho"
    },
    {
        "id": 73,
        "first_name": "Laurianne",
        "last_name": "Wathall",
        "email": "lwathall20@live.com",
        "gender": "Female",
        "designation": "VP Accounting",
        "phone_no": "347-490-0259",
        "city": "Mariestad",
        "department": "Accounting",
        "date_of_birth": "17/06/1987",
        "language": "Assamese"
    },
    {
        "id": 74,
        "first_name": "Cinda",
        "last_name": "Micheli",
        "email": "cmicheli21@google.cn",
        "gender": "Female",
        "designation": "Administrative Assistant II",
        "phone_no": "647-107-4447",
        "city": "Brisbane",
        "department": "Sales",
        "date_of_birth": "11/06/1987",
        "language": "Luxembourgish"
    },
    {
        "id": 75,
        "first_name": "Yuri",
        "last_name": "Simonetti",
        "email": "ysimonetti22@forbes.com",
        "gender": "Male",
        "designation": "Payment Adjustment Coordinator",
        "phone_no": "356-511-3205",
        "city": "Blansko",
        "department": "Business Development",
        "date_of_birth": "14/04/1993",
        "language": "Māori"
    },
    {
        "id": 76,
        "first_name": "Maggie",
        "last_name": "Jolliff",
        "email": "mjolliff23@imageshack.us",
        "gender": "Female",
        "designation": "Web Designer II",
        "phone_no": "882-812-2795",
        "city": "Tugulym",
        "department": "Product Management",
        "date_of_birth": "09/07/1980",
        "language": "New Zealand Sign Language"
    },
    {
        "id": 77,
        "first_name": "Katrina",
        "last_name": "Dobbinson",
        "email": "kdobbinson24@theguardian.com",
        "gender": "Female",
        "designation": "Biostatistician IV",
        "phone_no": "780-229-9705",
        "city": "Pushkino",
        "department": "Human Resources",
        "date_of_birth": "28/09/1986",
        "language": "Spanish"
    },
    {
        "id": 78,
        "first_name": "Hannah",
        "last_name": "Beeken",
        "email": "hbeeken25@upenn.edu",
        "gender": "Female",
        "designation": "Operator",
        "phone_no": "156-231-2277",
        "city": "Kokar",
        "department": "Training",
        "date_of_birth": "19/07/1999",
        "language": "Portuguese"
    },
    {
        "id": 79,
        "first_name": "Gar",
        "last_name": "Harrowsmith",
        "email": "gharrowsmith26@telegraph.co.uk",
        "gender": "Male",
        "designation": "Automation Specialist I",
        "phone_no": "499-950-3303",
        "city": "Mercier",
        "department": "Accounting",
        "date_of_birth": "06/09/1998",
        "language": "Georgian"
    },
    {
        "id": 80,
        "first_name": "Brant",
        "last_name": "Meegin",
        "email": "bmeegin27@wix.com",
        "gender": "Male",
        "designation": "Sales Associate",
        "phone_no": "497-252-4355",
        "city": "Rancaerang",
        "department": "Product Management",
        "date_of_birth": "02/10/1986",
        "language": "Croatian"
    },
    {
        "id": 81,
        "first_name": "Katey",
        "last_name": "Bucklan",
        "email": "kbucklan28@zimbio.com",
        "gender": "Female",
        "designation": "Staff Scientist",
        "phone_no": "438-472-4409",
        "city": "Ārt Khwājah",
        "department": "Marketing",
        "date_of_birth": "06/06/1990",
        "language": "Dari"
    },
    {
        "id": 82,
        "first_name": "Tracy",
        "last_name": "O'Doherty",
        "email": "todoherty29@uiuc.edu",
        "gender": "Female",
        "designation": "Engineer I",
        "phone_no": "233-167-7195",
        "city": "Dagar",
        "department": "Accounting",
        "date_of_birth": "12/12/1987",
        "language": "Amharic"
    },
    {
        "id": 83,
        "first_name": "Shurlocke",
        "last_name": "Beahan",
        "email": "sbeahan2a@hc360.com",
        "gender": "Male",
        "designation": "Senior Editor",
        "phone_no": "570-397-7850",
        "city": "Lovran",
        "department": "Research and Development",
        "date_of_birth": "30/04/1989",
        "language": "West Frisian"
    },
    {
        "id": 84,
        "first_name": "Benoite",
        "last_name": "Whiskerd",
        "email": "bwhiskerd2b@dot.gov",
        "gender": "Female",
        "designation": "Data Coordiator",
        "phone_no": "292-542-4855",
        "city": "Klishkivtsi",
        "department": "Engineering",
        "date_of_birth": "03/07/1988",
        "language": "Sotho"
    },
    {
        "id": 85,
        "first_name": "Glenna",
        "last_name": "Sarath",
        "email": "gsarath2c@fc2.com",
        "gender": "Bigender",
        "designation": "Environmental Tech",
        "phone_no": "738-380-1236",
        "city": "Muarabadak",
        "department": "Training",
        "date_of_birth": "27/04/1997",
        "language": "Mongolian"
    },
    {
        "id": 86,
        "first_name": "Rickie",
        "last_name": "Hanhart",
        "email": "rhanhart2d@cafepress.com",
        "gender": "Male",
        "designation": "Editor",
        "phone_no": "182-569-3616",
        "city": "Ţāmiyah",
        "department": "Human Resources",
        "date_of_birth": "11/08/1997",
        "language": "Hungarian"
    },
    {
        "id": 87,
        "first_name": "Zabrina",
        "last_name": "Helliker",
        "email": "zhelliker2e@facebook.com",
        "gender": "Female",
        "designation": "Staff Scientist",
        "phone_no": "795-484-9252",
        "city": "Banyumas",
        "department": "Business Development",
        "date_of_birth": "02/03/1992",
        "language": "Greek"
    },
    {
        "id": 88,
        "first_name": "Enoch",
        "last_name": "Paxforde",
        "email": "epaxforde2f@loc.gov",
        "gender": "Male",
        "designation": "Internal Auditor",
        "phone_no": "894-984-6003",
        "city": "Kaya",
        "department": "Accounting",
        "date_of_birth": "14/01/1987",
        "language": "Malay"
    },
    {
        "id": 89,
        "first_name": "Dolf",
        "last_name": "O'Tuohy",
        "email": "dotuohy2g@artisteer.com",
        "gender": "Male",
        "designation": "Technical Writer",
        "phone_no": "504-581-2245",
        "city": "Barreiro",
        "department": "Accounting",
        "date_of_birth": "22/09/1996",
        "language": "Tetum"
    },
    {
        "id": 90,
        "first_name": "Byran",
        "last_name": "Chicotti",
        "email": "bchicotti2h@hhs.gov",
        "gender": "Male",
        "designation": "Dental Hygienist",
        "phone_no": "143-625-0107",
        "city": "Fornos",
        "department": "Product Management",
        "date_of_birth": "29/08/1989",
        "language": "Moldovan"
    },
    {
        "id": 91,
        "first_name": "Lancelot",
        "last_name": "Kuscha",
        "email": "lkuscha2i@artisteer.com",
        "gender": "Non-binary",
        "designation": "Accountant I",
        "phone_no": "513-173-3874",
        "city": "Xijiang",
        "department": "Accounting",
        "date_of_birth": "25/10/1986",
        "language": "Dutch"
    },
    {
        "id": 92,
        "first_name": "Whitaker",
        "last_name": "Poplee",
        "email": "wpoplee2j@squarespace.com",
        "gender": "Agender",
        "designation": "Web Developer II",
        "phone_no": "498-921-0845",
        "city": "Wadung",
        "department": "Training",
        "date_of_birth": "28/07/1980",
        "language": "Persian"
    },
    {
        "id": 93,
        "first_name": "Alard",
        "last_name": "Marquiss",
        "email": "amarquiss2k@google.fr",
        "gender": "Male",
        "designation": "Computer Systems Analyst IV",
        "phone_no": "984-757-5323",
        "city": "Chauk",
        "department": "Support",
        "date_of_birth": "20/12/1988",
        "language": "Czech"
    },
    {
        "id": 94,
        "first_name": "Gareth",
        "last_name": "Cauldwell",
        "email": "gcauldwell2l@ow.ly",
        "gender": "Male",
        "designation": "Structural Engineer",
        "phone_no": "217-549-4982",
        "city": "Laval",
        "department": "Human Resources",
        "date_of_birth": "17/03/1991",
        "language": "Nepali"
    },
    {
        "id": 95,
        "first_name": "Olivier",
        "last_name": "Marc",
        "email": "omarc2m@gov.uk",
        "gender": "Male",
        "designation": "Community Outreach Specialist",
        "phone_no": "980-851-0861",
        "city": "Yanwang",
        "department": "Human Resources",
        "date_of_birth": "04/06/1999",
        "language": "Oriya"
    },
    {
        "id": 96,
        "first_name": "Caldwell",
        "last_name": "Malham",
        "email": "cmalham2n@abc.net.au",
        "gender": "Genderfluid",
        "designation": "Senior Quality Engineer",
        "phone_no": "513-194-5046",
        "city": "Seidu",
        "department": "Engineering",
        "date_of_birth": "27/03/1982",
        "language": "Montenegrin"
    },
    {
        "id": 97,
        "first_name": "Akim",
        "last_name": "Zannotelli",
        "email": "azannotelli2o@blogspot.com",
        "gender": "Male",
        "designation": "Tax Accountant",
        "phone_no": "847-731-2840",
        "city": "Baise City",
        "department": "Training",
        "date_of_birth": "20/07/1982",
        "language": "Kurdish"
    },
    {
        "id": 98,
        "first_name": "Philipa",
        "last_name": "Carlon",
        "email": "pcarlon2p@tripod.com",
        "gender": "Female",
        "designation": "Dental Hygienist",
        "phone_no": "335-633-1379",
        "city": "Kloangrotat",
        "department": "Sales",
        "date_of_birth": "14/03/1998",
        "language": "Swahili"
    },
    {
        "id": 99,
        "first_name": "Ronny",
        "last_name": "Muschette",
        "email": "rmuschette2q@usgs.gov",
        "gender": "Female",
        "designation": "Software Consultant",
        "phone_no": "524-645-8721",
        "city": "Palermo",
        "department": "Legal",
        "date_of_birth": "10/06/1980",
        "language": "Dhivehi"
    },
    {
        "id": 100,
        "first_name": "Fabian",
        "last_name": "Welldrake",
        "email": "fwelldrake2r@accuweather.com",
        "gender": "Male",
        "designation": "Systems Administrator III",
        "phone_no": "566-740-5380",
        "city": "Chelyabinsk",
        "department": "Engineering",
        "date_of_birth": "08/09/1980",
        "language": "Tamil"
    },
    {
        "id": 101,
        "first_name": "Lyman",
        "last_name": "Couzens",
        "email": "lcouzens2s@4shared.com",
        "gender": "Male",
        "designation": "Business Systems Development Analyst",
        "phone_no": "848-411-0360",
        "city": "Malvinas Argentinas",
        "department": "Training",
        "date_of_birth": "16/10/1992",
        "language": "West Frisian"
    },
    {
        "id": 102,
        "first_name": "Anthea",
        "last_name": "Isaksen",
        "email": "aisaksen2t@ning.com",
        "gender": "Female",
        "designation": "Financial Advisor",
        "phone_no": "550-390-7242",
        "city": "Issoudun",
        "department": "Legal",
        "date_of_birth": "24/09/1980",
        "language": "Malagasy"
    },
    {
        "id": 103,
        "first_name": "Cobb",
        "last_name": "Van Geffen",
        "email": "cvangeffen2u@gnu.org",
        "gender": "Male",
        "designation": "Nuclear Power Engineer",
        "phone_no": "407-758-3644",
        "city": "Plyussa",
        "department": "Support",
        "date_of_birth": "06/07/1994",
        "language": "Hebrew"
    },
    {
        "id": 104,
        "first_name": "Blaine",
        "last_name": "Keeley",
        "email": "bkeeley2v@archive.org",
        "gender": "Male",
        "designation": "Structural Analysis Engineer",
        "phone_no": "884-194-8813",
        "city": "Kotabaru",
        "department": "Sales",
        "date_of_birth": "15/07/1998",
        "language": "Moldovan"
    },
    {
        "id": 105,
        "first_name": "Gratiana",
        "last_name": "Wilgar",
        "email": "gwilgar2w@ifeng.com",
        "gender": "Female",
        "designation": "Librarian",
        "phone_no": "730-407-0220",
        "city": "Parada de Pinhão",
        "department": "Sales",
        "date_of_birth": "25/03/1983",
        "language": "Fijian"
    },
    {
        "id": 106,
        "first_name": "Engelbert",
        "last_name": "Riby",
        "email": "eriby2x@last.fm",
        "gender": "Male",
        "designation": "Food Chemist",
        "phone_no": "154-317-4112",
        "city": "Norrköping",
        "department": "Business Development",
        "date_of_birth": "15/07/1981",
        "language": "Bengali"
    },
    {
        "id": 107,
        "first_name": "Allayne",
        "last_name": "Punyer",
        "email": "apunyer2y@histats.com",
        "gender": "Male",
        "designation": "Financial Analyst",
        "phone_no": "722-788-4343",
        "city": "Tangshan",
        "department": "Support",
        "date_of_birth": "20/05/1981",
        "language": "Zulu"
    },
    {
        "id": 108,
        "first_name": "Fred",
        "last_name": "Laite",
        "email": "flaite2z@weather.com",
        "gender": "Female",
        "designation": "Internal Auditor",
        "phone_no": "296-823-5470",
        "city": "Phunphin",
        "department": "Human Resources",
        "date_of_birth": "05/09/1984",
        "language": "Swedish"
    },
    {
        "id": 109,
        "first_name": "Barbara",
        "last_name": "Volante",
        "email": "bvolante30@aol.com",
        "gender": "Female",
        "designation": "Quality Engineer",
        "phone_no": "812-630-5967",
        "city": "Baltiysk",
        "department": "Training",
        "date_of_birth": "02/02/2000",
        "language": "Chinese"
    },
    {
        "id": 110,
        "first_name": "Tam",
        "last_name": "Joao",
        "email": "tjoao31@kickstarter.com",
        "gender": "Male",
        "designation": "Safety Technician II",
        "phone_no": "287-490-5152",
        "city": "Pazarić",
        "department": "Training",
        "date_of_birth": "17/04/1988",
        "language": "Latvian"
    },
    {
        "id": 111,
        "first_name": "Nickolai",
        "last_name": "Fritchley",
        "email": "nfritchley32@chicagotribune.com",
        "gender": "Male",
        "designation": "Financial Advisor",
        "phone_no": "748-397-1986",
        "city": "Kuidou",
        "department": "Product Management",
        "date_of_birth": "07/01/2000",
        "language": "Indonesian"
    },
    {
        "id": 112,
        "first_name": "Hobart",
        "last_name": "Bussen",
        "email": "hbussen33@toplist.cz",
        "gender": "Male",
        "designation": "Developer III",
        "phone_no": "226-223-5068",
        "city": "Saryaghash",
        "department": "Legal",
        "date_of_birth": "11/08/1988",
        "language": "Indonesian"
    },
    {
        "id": 113,
        "first_name": "Lorrin",
        "last_name": "Simione",
        "email": "lsimione34@berkeley.edu",
        "gender": "Female",
        "designation": "General Manager",
        "phone_no": "441-612-7477",
        "city": "Rennes",
        "department": "Human Resources",
        "date_of_birth": "20/02/1989",
        "language": "Finnish"
    },
    {
        "id": 114,
        "first_name": "Sharona",
        "last_name": "Terrans",
        "email": "sterrans35@economist.com",
        "gender": "Female",
        "designation": "Teacher",
        "phone_no": "888-815-0748",
        "city": "Pamanukan",
        "department": "Human Resources",
        "date_of_birth": "20/01/1996",
        "language": "Dutch"
    },
    {
        "id": 115,
        "first_name": "Camilla",
        "last_name": "Trotton",
        "email": "ctrotton36@163.com",
        "gender": "Female",
        "designation": "Tax Accountant",
        "phone_no": "785-892-9774",
        "city": "Tartu",
        "department": "Business Development",
        "date_of_birth": "23/03/1988",
        "language": "Luxembourgish"
    },
    {
        "id": 116,
        "first_name": "Kiele",
        "last_name": "Messer",
        "email": "kmesser37@weather.com",
        "gender": "Female",
        "designation": "Desktop Support Technician",
        "phone_no": "115-803-8390",
        "city": "Hongguang",
        "department": "Support",
        "date_of_birth": "11/07/1998",
        "language": "Nepali"
    },
    {
        "id": 117,
        "first_name": "Hogan",
        "last_name": "Churchlow",
        "email": "hchurchlow38@auda.org.au",
        "gender": "Male",
        "designation": "Dental Hygienist",
        "phone_no": "397-660-9396",
        "city": "Zhoushizhuang",
        "department": "Support",
        "date_of_birth": "23/07/1984",
        "language": "Marathi"
    },
    {
        "id": 118,
        "first_name": "Marsha",
        "last_name": "Leyre",
        "email": "mleyre39@virginia.edu",
        "gender": "Female",
        "designation": "Chief Design Engineer",
        "phone_no": "669-635-7806",
        "city": "Sandakan",
        "department": "Business Development",
        "date_of_birth": "11/12/1993",
        "language": "Tok Pisin"
    },
    {
        "id": 119,
        "first_name": "Mari",
        "last_name": "Buxcy",
        "email": "mbuxcy3a@bigcartel.com",
        "gender": "Female",
        "designation": "Help Desk Technician",
        "phone_no": "476-423-7818",
        "city": "Preko",
        "department": "Support",
        "date_of_birth": "25/10/1993",
        "language": "Tamil"
    },
    {
        "id": 120,
        "first_name": "Kendre",
        "last_name": "Tressler",
        "email": "ktressler3b@wunderground.com",
        "gender": "Female",
        "designation": "Media Manager III",
        "phone_no": "249-993-8515",
        "city": "Quebradas",
        "department": "Training",
        "date_of_birth": "05/08/1981",
        "language": "Pashto"
    },
    {
        "id": 121,
        "first_name": "Mahala",
        "last_name": "Screase",
        "email": "mscrease3c@topsy.com",
        "gender": "Female",
        "designation": "Geological Engineer",
        "phone_no": "653-930-5676",
        "city": "Banyumas",
        "department": "Sales",
        "date_of_birth": "13/08/1996",
        "language": "Malagasy"
    },
    {
        "id": 122,
        "first_name": "Berne",
        "last_name": "Lashley",
        "email": "blashley3d@ucla.edu",
        "gender": "Male",
        "designation": "Editor",
        "phone_no": "323-679-4184",
        "city": "Juvisy-sur-Orge",
        "department": "Sales",
        "date_of_birth": "17/03/1985",
        "language": "Yiddish"
    },
    {
        "id": 123,
        "first_name": "Lindsay",
        "last_name": "Piddocke",
        "email": "lpiddocke3e@wufoo.com",
        "gender": "Male",
        "designation": "Compensation Analyst",
        "phone_no": "105-957-7558",
        "city": "Azeitão",
        "department": "Support",
        "date_of_birth": "07/08/1989",
        "language": "Bengali"
    },
    {
        "id": 124,
        "first_name": "Philomena",
        "last_name": "Eccersley",
        "email": "peccersley3f@phpbb.com",
        "gender": "Female",
        "designation": "Nurse",
        "phone_no": "467-885-2214",
        "city": "Zhangcunping",
        "department": "Services",
        "date_of_birth": "14/04/1989",
        "language": "Indonesian"
    },
    {
        "id": 125,
        "first_name": "Harrison",
        "last_name": "Markova",
        "email": "hmarkova3g@wikimedia.org",
        "gender": "Male",
        "designation": "Chemical Engineer",
        "phone_no": "978-930-9198",
        "city": "Letlhakeng",
        "department": "Sales",
        "date_of_birth": "19/01/1992",
        "language": "Bengali"
    },
    {
        "id": 126,
        "first_name": "Birgit",
        "last_name": "Boys",
        "email": "bboys3h@webeden.co.uk",
        "gender": "Female",
        "designation": "Computer Systems Analyst IV",
        "phone_no": "342-128-2943",
        "city": "El Benque",
        "department": "Marketing",
        "date_of_birth": "22/05/1987",
        "language": "Amharic"
    },
    {
        "id": 127,
        "first_name": "Kory",
        "last_name": "Diggens",
        "email": "kdiggens3i@techcrunch.com",
        "gender": "Non-binary",
        "designation": "Design Engineer",
        "phone_no": "910-288-2141",
        "city": "Injīl",
        "department": "Business Development",
        "date_of_birth": "12/12/1987",
        "language": "Greek"
    },
    {
        "id": 128,
        "first_name": "Rudd",
        "last_name": "Meneghi",
        "email": "rmeneghi3j@cdc.gov",
        "gender": "Male",
        "designation": "Analog Circuit Design manager",
        "phone_no": "472-954-4086",
        "city": "Ashton",
        "department": "Services",
        "date_of_birth": "22/04/1997",
        "language": "Moldovan"
    },
    {
        "id": 129,
        "first_name": "Zebedee",
        "last_name": "Fearenside",
        "email": "zfearenside3k@cisco.com",
        "gender": "Male",
        "designation": "Staff Scientist",
        "phone_no": "552-149-0483",
        "city": "Al Jubayhah",
        "department": "Marketing",
        "date_of_birth": "29/10/1995",
        "language": "Tamil"
    },
    {
        "id": 130,
        "first_name": "Nana",
        "last_name": "Havile",
        "email": "nhavile3l@sourceforge.net",
        "gender": "Female",
        "designation": "Financial Analyst",
        "phone_no": "469-974-6626",
        "city": "Dallas",
        "department": "Business Development",
        "date_of_birth": "15/11/1993",
        "language": "Finnish"
    },
    {
        "id": 131,
        "first_name": "Nolana",
        "last_name": "Spick",
        "email": "nspick3m@t.co",
        "gender": "Female",
        "designation": "GIS Technical Architect",
        "phone_no": "604-740-1415",
        "city": "Timashëvsk",
        "department": "Research and Development",
        "date_of_birth": "01/03/1982",
        "language": "Spanish"
    },
    {
        "id": 132,
        "first_name": "Kelley",
        "last_name": "Reeders",
        "email": "kreeders3n@theglobeandmail.com",
        "gender": "Male",
        "designation": "Sales Associate",
        "phone_no": "842-873-7832",
        "city": "Dongdu",
        "department": "Human Resources",
        "date_of_birth": "27/04/1997",
        "language": "Icelandic"
    },
    {
        "id": 133,
        "first_name": "Padget",
        "last_name": "Cawthron",
        "email": "pcawthron3o@blogspot.com",
        "gender": "Male",
        "designation": "Health Coach IV",
        "phone_no": "316-772-7867",
        "city": "Jatinagara",
        "department": "Legal",
        "date_of_birth": "27/04/1989",
        "language": "Gujarati"
    },
    {
        "id": 134,
        "first_name": "Dorey",
        "last_name": "Batting",
        "email": "dbatting3p@vistaprint.com",
        "gender": "Male",
        "designation": "Senior Quality Engineer",
        "phone_no": "343-566-3711",
        "city": "Kirovskaya",
        "department": "Marketing",
        "date_of_birth": "03/10/1991",
        "language": "Bulgarian"
    },
    {
        "id": 135,
        "first_name": "Bartlet",
        "last_name": "Franchioni",
        "email": "bfranchioni3q@sbwire.com",
        "gender": "Male",
        "designation": "Marketing Assistant",
        "phone_no": "615-412-2985",
        "city": "Kirs",
        "department": "Support",
        "date_of_birth": "26/06/1996",
        "language": "Armenian"
    },
    {
        "id": 136,
        "first_name": "Pegeen",
        "last_name": "Castagne",
        "email": "pcastagne3r@yahoo.co.jp",
        "gender": "Female",
        "designation": "Financial Advisor",
        "phone_no": "527-351-0456",
        "city": "Sundbyberg",
        "department": "Research and Development",
        "date_of_birth": "09/06/1986",
        "language": "Irish Gaelic"
    },
    {
        "id": 137,
        "first_name": "Valerie",
        "last_name": "Qualtrough",
        "email": "vqualtrough3s@miitbeian.gov.cn",
        "gender": "Female",
        "designation": "General Manager",
        "phone_no": "950-777-6886",
        "city": "Matsutō",
        "department": "Legal",
        "date_of_birth": "17/01/1991",
        "language": "Bengali"
    },
    {
        "id": 138,
        "first_name": "Quintus",
        "last_name": "Manser",
        "email": "qmanser3t@reference.com",
        "gender": "Male",
        "designation": "Assistant Professor",
        "phone_no": "682-482-4251",
        "city": "Khiliomódhi",
        "department": "Research and Development",
        "date_of_birth": "09/02/1996",
        "language": "Fijian"
    },
    {
        "id": 139,
        "first_name": "Jim",
        "last_name": "Morehall",
        "email": "jmorehall3u@odnoklassniki.ru",
        "gender": "Male",
        "designation": "Junior Executive",
        "phone_no": "424-137-6731",
        "city": "Doghs",
        "department": "Training",
        "date_of_birth": "19/11/1995",
        "language": "Persian"
    },
    {
        "id": 140,
        "first_name": "Rhona",
        "last_name": "Meekin",
        "email": "rmeekin3v@businesswire.com",
        "gender": "Female",
        "designation": "Media Manager I",
        "phone_no": "472-599-3480",
        "city": "Tromsø",
        "department": "Human Resources",
        "date_of_birth": "14/11/1989",
        "language": "Macedonian"
    },
    {
        "id": 141,
        "first_name": "Tanya",
        "last_name": "Cropp",
        "email": "tcropp3w@sun.com",
        "gender": "Female",
        "designation": "Data Coordiator",
        "phone_no": "660-931-5759",
        "city": "Zhouji",
        "department": "Engineering",
        "date_of_birth": "05/04/1986",
        "language": "Luxembourgish"
    },
    {
        "id": 142,
        "first_name": "Mendie",
        "last_name": "Hartfield",
        "email": "mhartfield3x@opera.com",
        "gender": "Male",
        "designation": "Help Desk Operator",
        "phone_no": "675-468-1430",
        "city": "Laocheng",
        "department": "Services",
        "date_of_birth": "13/02/1990",
        "language": "Dutch"
    },
    {
        "id": 143,
        "first_name": "Evangelin",
        "last_name": "Dowell",
        "email": "edowell3y@hp.com",
        "gender": "Female",
        "designation": "Graphic Designer",
        "phone_no": "617-820-3728",
        "city": "Osasco",
        "department": "Human Resources",
        "date_of_birth": "03/04/1991",
        "language": "Tetum"
    },
    {
        "id": 144,
        "first_name": "Victoir",
        "last_name": "Cahalin",
        "email": "vcahalin3z@vkontakte.ru",
        "gender": "Male",
        "designation": "Financial Analyst",
        "phone_no": "128-269-0281",
        "city": "Ngrejo",
        "department": "Training",
        "date_of_birth": "13/04/1990",
        "language": "Guaraní"
    },
    {
        "id": 145,
        "first_name": "Bethany",
        "last_name": "Tebbs",
        "email": "btebbs40@webeden.co.uk",
        "gender": "Female",
        "designation": "Web Developer IV",
        "phone_no": "179-604-7920",
        "city": "Saeul",
        "department": "Human Resources",
        "date_of_birth": "25/04/1992",
        "language": "Swahili"
    },
    {
        "id": 146,
        "first_name": "August",
        "last_name": "Vuittet",
        "email": "avuittet41@mapy.cz",
        "gender": "Male",
        "designation": "Accountant I",
        "phone_no": "999-817-1139",
        "city": "Rancapeundey",
        "department": "Product Management",
        "date_of_birth": "02/06/1997",
        "language": "English"
    },
    {
        "id": 147,
        "first_name": "Henrieta",
        "last_name": "Swyn",
        "email": "hswyn42@technorati.com",
        "gender": "Female",
        "designation": "Accountant I",
        "phone_no": "515-376-5383",
        "city": "Guangyi",
        "department": "Marketing",
        "date_of_birth": "21/02/1985",
        "language": "Irish Gaelic"
    },
    {
        "id": 148,
        "first_name": "Cindelyn",
        "last_name": "Labrenz",
        "email": "clabrenz43@hatena.ne.jp",
        "gender": "Female",
        "designation": "Data Coordiator",
        "phone_no": "710-393-7860",
        "city": "Landskrona",
        "department": "Accounting",
        "date_of_birth": "09/05/1982",
        "language": "Nepali"
    },
    {
        "id": 149,
        "first_name": "Merrily",
        "last_name": "Mustoo",
        "email": "mmustoo44@pen.io",
        "gender": "Female",
        "designation": "Quality Engineer",
        "phone_no": "811-580-4866",
        "city": "Kula",
        "department": "Legal",
        "date_of_birth": "23/03/1984",
        "language": "Burmese"
    },
    {
        "id": 150,
        "first_name": "Dominik",
        "last_name": "Olivetta",
        "email": "dolivetta45@army.mil",
        "gender": "Polygender",
        "designation": "Research Assistant II",
        "phone_no": "552-861-6130",
        "city": "Masipi West",
        "department": "Research and Development",
        "date_of_birth": "16/12/1996",
        "language": "Swahili"
    },
    {
        "id": 151,
        "first_name": "Haily",
        "last_name": "Pitrelli",
        "email": "hpitrelli46@squidoo.com",
        "gender": "Female",
        "designation": "Compensation Analyst",
        "phone_no": "218-885-6040",
        "city": "Puncaktugu",
        "department": "Legal",
        "date_of_birth": "03/06/1992",
        "language": "Papiamento"
    },
    {
        "id": 152,
        "first_name": "Chandler",
        "last_name": "Thurlbeck",
        "email": "cthurlbeck47@usda.gov",
        "gender": "Male",
        "designation": "Structural Engineer",
        "phone_no": "789-807-6421",
        "city": "Topi",
        "department": "Services",
        "date_of_birth": "10/07/1990",
        "language": "Irish Gaelic"
    },
    {
        "id": 153,
        "first_name": "Fiann",
        "last_name": "Taillant",
        "email": "ftaillant48@angelfire.com",
        "gender": "Female",
        "designation": "Legal Assistant",
        "phone_no": "527-299-2097",
        "city": "Mekarsari",
        "department": "Sales",
        "date_of_birth": "10/06/1996",
        "language": "Bosnian"
    },
    {
        "id": 154,
        "first_name": "Kasper",
        "last_name": "Macbeth",
        "email": "kmacbeth49@weibo.com",
        "gender": "Male",
        "designation": "Registered Nurse",
        "phone_no": "933-356-6838",
        "city": "Concord",
        "department": "Services",
        "date_of_birth": "15/02/1988",
        "language": "Kannada"
    },
    {
        "id": 155,
        "first_name": "Sallie",
        "last_name": "McKenny",
        "email": "smckenny4a@rediff.com",
        "gender": "Agender",
        "designation": "Social Worker",
        "phone_no": "530-790-4846",
        "city": "Loughrea",
        "department": "Research and Development",
        "date_of_birth": "09/09/1999",
        "language": "Latvian"
    },
    {
        "id": 156,
        "first_name": "Ilario",
        "last_name": "Hattoe",
        "email": "ihattoe4b@ow.ly",
        "gender": "Agender",
        "designation": "Legal Assistant",
        "phone_no": "149-707-5235",
        "city": "Olofström",
        "department": "Services",
        "date_of_birth": "10/06/1984",
        "language": "Polish"
    },
    {
        "id": 157,
        "first_name": "Thatch",
        "last_name": "Pennings",
        "email": "tpennings4c@wisc.edu",
        "gender": "Bigender",
        "designation": "Occupational Therapist",
        "phone_no": "308-574-4559",
        "city": "Lons-le-Saunier",
        "department": "Research and Development",
        "date_of_birth": "30/12/1991",
        "language": "Moldovan"
    },
    {
        "id": 158,
        "first_name": "Adams",
        "last_name": "MacConchie",
        "email": "amacconchie4d@usgs.gov",
        "gender": "Male",
        "designation": "General Manager",
        "phone_no": "749-170-3701",
        "city": "Mikumi",
        "department": "Human Resources",
        "date_of_birth": "11/01/1987",
        "language": "Dzongkha"
    },
    {
        "id": 159,
        "first_name": "Yorke",
        "last_name": "Welch",
        "email": "ywelch4e@yandex.ru",
        "gender": "Male",
        "designation": "Account Coordinator",
        "phone_no": "492-992-2674",
        "city": "Perechyn",
        "department": "Accounting",
        "date_of_birth": "24/05/1982",
        "language": "Chinese"
    },
    {
        "id": 160,
        "first_name": "Woodie",
        "last_name": "Fennelly",
        "email": "wfennelly4f@moonfruit.com",
        "gender": "Male",
        "designation": "Assistant Professor",
        "phone_no": "860-846-6082",
        "city": "Conceição da Abóboda",
        "department": "Accounting",
        "date_of_birth": "02/08/1992",
        "language": "Italian"
    },
    {
        "id": 161,
        "first_name": "Merry",
        "last_name": "Struijs",
        "email": "mstruijs4g@nifty.com",
        "gender": "Male",
        "designation": "Nurse Practicioner",
        "phone_no": "179-685-1697",
        "city": "Pointe-à-Pitre",
        "department": "Sales",
        "date_of_birth": "25/01/1994",
        "language": "Lao"
    },
    {
        "id": 162,
        "first_name": "Fletch",
        "last_name": "Plet",
        "email": "fplet4h@github.io",
        "gender": "Male",
        "designation": "General Manager",
        "phone_no": "723-273-1775",
        "city": "Otjimbingwe",
        "department": "Sales",
        "date_of_birth": "12/08/1987",
        "language": "Tsonga"
    },
    {
        "id": 163,
        "first_name": "Luisa",
        "last_name": "Hedin",
        "email": "lhedin4i@jigsy.com",
        "gender": "Female",
        "designation": "Help Desk Operator",
        "phone_no": "342-942-3698",
        "city": "Jichang",
        "department": "Support",
        "date_of_birth": "11/06/1988",
        "language": "Estonian"
    },
    {
        "id": 164,
        "first_name": "Cristen",
        "last_name": "Hiddy",
        "email": "chiddy4j@yandex.ru",
        "gender": "Female",
        "designation": "Physical Therapy Assistant",
        "phone_no": "814-250-9886",
        "city": "Oroin Xibe",
        "department": "Services",
        "date_of_birth": "10/12/1982",
        "language": "Northern Sotho"
    },
    {
        "id": 165,
        "first_name": "Cesare",
        "last_name": "Willoughby",
        "email": "cwilloughby4k@issuu.com",
        "gender": "Genderfluid",
        "designation": "Administrative Assistant I",
        "phone_no": "223-583-8390",
        "city": "Milano",
        "department": "Business Development",
        "date_of_birth": "10/03/1981",
        "language": "Afrikaans"
    },
    {
        "id": 166,
        "first_name": "Sella",
        "last_name": "McIlraith",
        "email": "smcilraith4l@xing.com",
        "gender": "Female",
        "designation": "Assistant Manager",
        "phone_no": "329-346-4913",
        "city": "Szemud",
        "department": "Research and Development",
        "date_of_birth": "24/12/1981",
        "language": "Maltese"
    },
    {
        "id": 167,
        "first_name": "Roland",
        "last_name": "Gaize",
        "email": "rgaize4m@patch.com",
        "gender": "Male",
        "designation": "Assistant Professor",
        "phone_no": "872-616-8619",
        "city": "Erada",
        "department": "Marketing",
        "date_of_birth": "29/05/1991",
        "language": "Swedish"
    },
    {
        "id": 168,
        "first_name": "Sigrid",
        "last_name": "Struan",
        "email": "sstruan4n@clickbank.net",
        "gender": "Female",
        "designation": "Graphic Designer",
        "phone_no": "513-424-6381",
        "city": "Kongwan",
        "department": "Support",
        "date_of_birth": "01/06/1998",
        "language": "Persian"
    },
    {
        "id": 169,
        "first_name": "Jory",
        "last_name": "Unworth",
        "email": "junworth4o@mac.com",
        "gender": "Male",
        "designation": "Clinical Specialist",
        "phone_no": "992-544-9274",
        "city": "Huashan",
        "department": "Product Management",
        "date_of_birth": "24/06/1991",
        "language": "Swati"
    },
    {
        "id": 170,
        "first_name": "Terence",
        "last_name": "Le Quesne",
        "email": "tlequesne4p@flickr.com",
        "gender": "Male",
        "designation": "Chief Design Engineer",
        "phone_no": "992-616-5490",
        "city": "Mehmand Chak",
        "department": "Research and Development",
        "date_of_birth": "01/07/1990",
        "language": "Luxembourgish"
    },
    {
        "id": 171,
        "first_name": "Katharina",
        "last_name": "Brims",
        "email": "kbrims4q@imgur.com",
        "gender": "Female",
        "designation": "Senior Developer",
        "phone_no": "355-615-1948",
        "city": "Al Ḩāmūl",
        "department": "Business Development",
        "date_of_birth": "09/07/1988",
        "language": "Persian"
    },
    {
        "id": 172,
        "first_name": "Fielding",
        "last_name": "Purselow",
        "email": "fpurselow4r@foxnews.com",
        "gender": "Male",
        "designation": "Librarian",
        "phone_no": "247-264-0766",
        "city": "Winangun",
        "department": "Research and Development",
        "date_of_birth": "19/11/1989",
        "language": "Hindi"
    },
    {
        "id": 173,
        "first_name": "Gay",
        "last_name": "Trenfield",
        "email": "gtrenfield4s@deviantart.com",
        "gender": "Female",
        "designation": "Structural Engineer",
        "phone_no": "601-638-2476",
        "city": "Talok",
        "department": "Research and Development",
        "date_of_birth": "19/07/1980",
        "language": "Belarusian"
    },
    {
        "id": 174,
        "first_name": "Tammie",
        "last_name": "Stode",
        "email": "tstode4t@ucsd.edu",
        "gender": "Male",
        "designation": "Web Designer IV",
        "phone_no": "689-507-6152",
        "city": "Xiache",
        "department": "Support",
        "date_of_birth": "27/09/1986",
        "language": "Luxembourgish"
    },
    {
        "id": 175,
        "first_name": "Wadsworth",
        "last_name": "Lainge",
        "email": "wlainge4u@paginegialle.it",
        "gender": "Male",
        "designation": "Actuary",
        "phone_no": "710-817-2566",
        "city": "Cañada de Gómez",
        "department": "Engineering",
        "date_of_birth": "22/06/1980",
        "language": "Kurdish"
    },
    {
        "id": 176,
        "first_name": "Reynold",
        "last_name": "Sicha",
        "email": "rsicha4v@ihg.com",
        "gender": "Male",
        "designation": "Automation Specialist II",
        "phone_no": "543-260-7112",
        "city": "Timrå",
        "department": "Accounting",
        "date_of_birth": "05/06/1997",
        "language": "Pashto"
    },
    {
        "id": 177,
        "first_name": "Madalyn",
        "last_name": "Mackro",
        "email": "mmackro4w@statcounter.com",
        "gender": "Female",
        "designation": "Librarian",
        "phone_no": "897-908-3282",
        "city": "Bangluo",
        "department": "Product Management",
        "date_of_birth": "13/01/1983",
        "language": "Romanian"
    },
    {
        "id": 178,
        "first_name": "Moria",
        "last_name": "Rathborne",
        "email": "mrathborne4x@smh.com.au",
        "gender": "Non-binary",
        "designation": "Senior Editor",
        "phone_no": "586-560-4762",
        "city": "Buguruslan",
        "department": "Training",
        "date_of_birth": "14/06/1987",
        "language": "Kurdish"
    },
    {
        "id": 179,
        "first_name": "Moses",
        "last_name": "Loos",
        "email": "mloos4y@imageshack.us",
        "gender": "Male",
        "designation": "Software Test Engineer II",
        "phone_no": "652-966-0286",
        "city": "Gasi",
        "department": "Services",
        "date_of_birth": "24/06/1997",
        "language": "Lithuanian"
    },
    {
        "id": 180,
        "first_name": "Hermione",
        "last_name": "Cristofaro",
        "email": "hcristofaro4z@noaa.gov",
        "gender": "Female",
        "designation": "Senior Sales Associate",
        "phone_no": "671-815-7319",
        "city": "Pinggang",
        "department": "Training",
        "date_of_birth": "08/11/1986",
        "language": "Papiamento"
    },
    {
        "id": 181,
        "first_name": "Madel",
        "last_name": "Lockley",
        "email": "mlockley50@pen.io",
        "gender": "Female",
        "designation": "Help Desk Technician",
        "phone_no": "953-254-9645",
        "city": "Chakari",
        "department": "Human Resources",
        "date_of_birth": "31/10/1995",
        "language": "Somali"
    },
    {
        "id": 182,
        "first_name": "Clerissa",
        "last_name": "Quantrill",
        "email": "cquantrill51@weibo.com",
        "gender": "Female",
        "designation": "Pharmacist",
        "phone_no": "737-109-8498",
        "city": "Westport",
        "department": "Training",
        "date_of_birth": "03/07/1999",
        "language": "Quechua"
    },
    {
        "id": 183,
        "first_name": "Florie",
        "last_name": "Bazoge",
        "email": "fbazoge52@slideshare.net",
        "gender": "Female",
        "designation": "Recruiter",
        "phone_no": "120-323-9977",
        "city": "Cabaritan East",
        "department": "Services",
        "date_of_birth": "06/06/1994",
        "language": "Croatian"
    },
    {
        "id": 184,
        "first_name": "Mannie",
        "last_name": "Morrant",
        "email": "mmorrant53@addthis.com",
        "gender": "Male",
        "designation": "Financial Advisor",
        "phone_no": "576-393-8227",
        "city": "Maliuzui",
        "department": "Legal",
        "date_of_birth": "06/02/1990",
        "language": "Dzongkha"
    },
    {
        "id": 185,
        "first_name": "Emory",
        "last_name": "Shugg",
        "email": "eshugg54@statcounter.com",
        "gender": "Polygender",
        "designation": "Electrical Engineer",
        "phone_no": "653-766-1833",
        "city": "Kayu Agung",
        "department": "Training",
        "date_of_birth": "02/06/1982",
        "language": "Czech"
    },
    {
        "id": 186,
        "first_name": "Dalt",
        "last_name": "Churches",
        "email": "dchurches55@yale.edu",
        "gender": "Male",
        "designation": "Human Resources Manager",
        "phone_no": "965-915-6775",
        "city": "Gotse Delchev",
        "department": "Engineering",
        "date_of_birth": "18/09/1998",
        "language": "Maltese"
    },
    {
        "id": 187,
        "first_name": "Mikaela",
        "last_name": "Andrzejewski",
        "email": "mandrzejewski56@elegantthemes.com",
        "gender": "Female",
        "designation": "Software Engineer III",
        "phone_no": "710-566-4007",
        "city": "Pisões",
        "department": "Training",
        "date_of_birth": "28/12/1992",
        "language": "Fijian"
    },
    {
        "id": 188,
        "first_name": "Archibold",
        "last_name": "Snelson",
        "email": "asnelson57@google.cn",
        "gender": "Male",
        "designation": "Programmer Analyst II",
        "phone_no": "221-736-5234",
        "city": "Vydreno",
        "department": "Marketing",
        "date_of_birth": "22/05/1980",
        "language": "Burmese"
    },
    {
        "id": 189,
        "first_name": "Marcus",
        "last_name": "Major",
        "email": "mmajor58@businesswire.com",
        "gender": "Male",
        "designation": "Accountant I",
        "phone_no": "154-869-7767",
        "city": "Dorchester",
        "department": "Legal",
        "date_of_birth": "21/05/1990",
        "language": "Bulgarian"
    },
    {
        "id": 190,
        "first_name": "Shana",
        "last_name": "Dosdell",
        "email": "sdosdell59@wikimedia.org",
        "gender": "Female",
        "designation": "Nurse Practicioner",
        "phone_no": "328-270-7294",
        "city": "Karukh",
        "department": "Legal",
        "date_of_birth": "23/08/1981",
        "language": "Gagauz"
    },
    {
        "id": 191,
        "first_name": "Bobbie",
        "last_name": "Gribbell",
        "email": "bgribbell5a@barnesandnoble.com",
        "gender": "Male",
        "designation": "Recruiting Manager",
        "phone_no": "993-605-3859",
        "city": "San Francisco",
        "department": "Accounting",
        "date_of_birth": "25/12/1999",
        "language": "Northern Sotho"
    },
    {
        "id": 192,
        "first_name": "Pearle",
        "last_name": "Greenfield",
        "email": "pgreenfield5b@biblegateway.com",
        "gender": "Female",
        "designation": "Community Outreach Specialist",
        "phone_no": "814-469-4972",
        "city": "Luoxi",
        "department": "Business Development",
        "date_of_birth": "06/06/1998",
        "language": "Yiddish"
    },
    {
        "id": 193,
        "first_name": "Kevan",
        "last_name": "Soames",
        "email": "ksoames5c@wix.com",
        "gender": "Male",
        "designation": "Physical Therapy Assistant",
        "phone_no": "245-244-5297",
        "city": "Rîbniţa",
        "department": "Business Development",
        "date_of_birth": "16/02/1995",
        "language": "Tswana"
    },
    {
        "id": 194,
        "first_name": "Mano",
        "last_name": "Keysall",
        "email": "mkeysall5d@wisc.edu",
        "gender": "Male",
        "designation": "Executive Secretary",
        "phone_no": "451-863-5278",
        "city": "Lere",
        "department": "Training",
        "date_of_birth": "24/02/1991",
        "language": "English"
    },
    {
        "id": 195,
        "first_name": "Shermie",
        "last_name": "Redwin",
        "email": "sredwin5e@statcounter.com",
        "gender": "Male",
        "designation": "Analyst Programmer",
        "phone_no": "123-885-5406",
        "city": "Beidu",
        "department": "Human Resources",
        "date_of_birth": "09/06/1988",
        "language": "Sotho"
    },
    {
        "id": 196,
        "first_name": "Desirae",
        "last_name": "Bener",
        "email": "dbener5f@pcworld.com",
        "gender": "Female",
        "designation": "Developer I",
        "phone_no": "844-564-8428",
        "city": "Krajan Tekung",
        "department": "Accounting",
        "date_of_birth": "15/01/1986",
        "language": "Korean"
    },
    {
        "id": 197,
        "first_name": "Ashil",
        "last_name": "Beddoes",
        "email": "abeddoes5g@ibm.com",
        "gender": "Female",
        "designation": "Desktop Support Technician",
        "phone_no": "305-317-5771",
        "city": "Arauá",
        "department": "Human Resources",
        "date_of_birth": "28/07/1997",
        "language": "Bengali"
    },
    {
        "id": 198,
        "first_name": "Immanuel",
        "last_name": "Setford",
        "email": "isetford5h@fastcompany.com",
        "gender": "Male",
        "designation": "Marketing Assistant",
        "phone_no": "948-473-6878",
        "city": "Zuocun",
        "department": "Accounting",
        "date_of_birth": "14/12/1993",
        "language": "Kashmiri"
    },
    {
        "id": 199,
        "first_name": "Christen",
        "last_name": "Stoker",
        "email": "cstoker5i@about.com",
        "gender": "Polygender",
        "designation": "Senior Developer",
        "phone_no": "581-133-2863",
        "city": "Huanggang",
        "department": "Product Management",
        "date_of_birth": "18/08/1997",
        "language": "Italian"
    },
    {
        "id": 200,
        "first_name": "Clint",
        "last_name": "Sandaver",
        "email": "csandaver5j@privacy.gov.au",
        "gender": "Non-binary",
        "designation": "Marketing Manager",
        "phone_no": "514-504-1952",
        "city": "Kivijärvi",
        "department": "Services",
        "date_of_birth": "03/12/1981",
        "language": "Haitian Creole"
    }
]